name,company,designation,image_url,qrcode
User1,Viral Collab,HR Executive,C:\Users\crp13\Desktop\badgelogo.png,4E42VVQQ4X
User2,TechNova,Data Analyst,C:\Users\crp13\Desktop\badgelogo.png,LKLG3U1LZW
User3,NextGen Solutions,Data Analyst,C:\Users\crp13\Desktop\badgelogo.png,RIA6JCS9GY
User4,InnoSoft,Designer,C:\Users\crp13\Desktop\badgelogo.png,8KU5PVM40X
User5,Viral Collab,Designer,C:\Users\crp13\Desktop\badgelogo.png,VE4OWFVV74
User6,Viral Collab,Designer,C:\Users\crp13\Desktop\badgelogo.png,8TD56ZT8UG
User7,TechNova,Project Manager,C:\Users\crp13\Desktop\badgelogo.png,169G47HAX4
User8,TechNova,Software Engineer,C:\Users\crp13\Desktop\badgelogo.png,XVL4M9909T
User9,InnoSoft,Software Engineer,C:\Users\crp13\Desktop\badgelogo.png,TI2VDVHGH5
User10,Viral Collab,Software Engineer,C:\Users\crp13\Desktop\badgelogo.png,H6EHD7VE83
User11,InnoSoft,Data Analyst,C:\Users\crp13\Desktop\badgelogo.png,GF9KPYMJX6
User12,Viral Collab,Project Manager,C:\Users\crp13\Desktop\badgelogo.png,BNAD60FH94
User13,Viral Collab,Designer,C:\Users\crp13\Desktop\badgelogo.png,8QC7SPQNB1
User14,Skyline Corp,Designer,C:\Users\crp13\Desktop\badgelogo.png,3FTIBO222W
User15,InnoSoft,Project Manager,C:\Users\crp13\Desktop\badgelogo.png,GOCQJT13RT
User16,TechNova,Software Engineer,C:\Users\crp13\Desktop\badgelogo.png,EHGXW6D1QT
User17,NextGen Solutions,HR Executive,C:\Users\crp13\Desktop\badgelogo.png,SBS08Z7TZS
User18,Viral Collab,Project Manager,C:\Users\crp13\Desktop\badgelogo.png,E2BKR7WFFU
User19,TechNova,Designer,C:\Users\crp13\Desktop\badgelogo.png,RJX7KXZ8KP
User20,TechNova,Project Manager,C:\Users\crp13\Desktop\badgelogo.png,K6YRLSXPSA
User21,TechNova,Data Analyst,C:\Users\crp13\Desktop\badgelogo.png,75S2VDODFP
User22,TechNova,Software Engineer,C:\Users\crp13\Desktop\badgelogo.png,FTQK7DCDFC
User23,TechNova,Data Analyst,C:\Users\crp13\Desktop\badgelogo.png,TAA15X9IBV
User24,InnoSoft,Designer,C:\Users\crp13\Desktop\badgelogo.png,S7MRW2AM9Z
User25,Viral Collab,HR Executive,C:\Users\crp13\Desktop\badgelogo.png,M7GVCO5U8F
User26,TechNova,Software Engineer,C:\Users\crp13\Desktop\badgelogo.png,IVG4VPZQE0
User27,NextGen Solutions,Software Engineer,C:\Users\crp13\Desktop\badgelogo.png,JK8R0QPRR4
User28,Viral Collab,Software Engineer,C:\Users\crp13\Desktop\badgelogo.png,M39MWYHEIV
User29,NextGen Solutions,Project Manager,C:\Users\crp13\Desktop\badgelogo.png,7DNTHAV1P0
User30,Skyline Corp,Data Analyst,C:\Users\crp13\Desktop\badgelogo.png,1CZJUFXCSK
User31,Skyline Corp,HR Executive,C:\Users\crp13\Desktop\badgelogo.png,TARU6WJQFR
User32,TechNova,Data Analyst,C:\Users\crp13\Desktop\badgelogo.png,6DP6WS3J3P
User33,InnoSoft,Designer,C:\Users\crp13\Desktop\badgelogo.png,O8JO0VDLMD
User34,TechNova,Data Analyst,C:\Users\crp13\Desktop\badgelogo.png,SCL6AHUCXP
User35,Viral Collab,Designer,C:\Users\crp13\Desktop\badgelogo.png,POSFMY0NYN
User36,Viral Collab,Data Analyst,C:\Users\crp13\Desktop\badgelogo.png,2C4EJCWH66
User37,Skyline Corp,Designer,C:\Users\crp13\Desktop\badgelogo.png,7L8TOTZOLR
User38,Skyline Corp,Designer,C:\Users\crp13\Desktop\badgelogo.png,17SFHK0T1G
User39,Skyline Corp,Data Analyst,C:\Users\crp13\Desktop\badgelogo.png,HND4JJ9QDC
User40,TechNova,Designer,C:\Users\crp13\Desktop\badgelogo.png,IG0TQOOZ9J
User41,NextGen Solutions,Software Engineer,C:\Users\crp13\Desktop\badgelogo.png,WX9BLN0YR2
User42,NextGen Solutions,Data Analyst,C:\Users\crp13\Desktop\badgelogo.png,CT19QO8LGU
User43,Viral Collab,HR Executive,C:\Users\crp13\Desktop\badgelogo.png,0D05NWVEIO
User44,NextGen Solutions,Designer,C:\Users\crp13\Desktop\badgelogo.png,YNVBBRELSI
User45,Skyline Corp,Software Engineer,C:\Users\crp13\Desktop\badgelogo.png,HU82609KUX
User46,InnoSoft,Data Analyst,C:\Users\crp13\Desktop\badgelogo.png,6J4BUH01W4
User47,Skyline Corp,Data Analyst,C:\Users\crp13\Desktop\badgelogo.png,CXB22WEHPQ
User48,Skyline Corp,Data Analyst,C:\Users\crp13\Desktop\badgelogo.png,AESKF1QEPO
User49,InnoSoft,HR Executive,C:\Users\crp13\Desktop\badgelogo.png,XSWE9TR851
User50,Skyline Corp,Designer,C:\Users\crp13\Desktop\badgelogo.png,ZUDJHTZ90L
User51,TechNova,Software Engineer,C:\Users\crp13\Desktop\badgelogo.png,FG85VXUKVU
User52,InnoSoft,Designer,C:\Users\crp13\Desktop\badgelogo.png,WEHXY1EBHD
User53,Skyline Corp,HR Executive,C:\Users\crp13\Desktop\badgelogo.png,F698AJBWE0
User54,Skyline Corp,HR Executive,C:\Users\crp13\Desktop\badgelogo.png,WKQUFHCDHO
User55,TechNova,HR Executive,C:\Users\crp13\Desktop\badgelogo.png,8RYX9S0JRD
User56,NextGen Solutions,Designer,C:\Users\crp13\Desktop\badgelogo.png,C3OQBJTFAS
User57,Skyline Corp,HR Executive,C:\Users\crp13\Desktop\badgelogo.png,8XAOD4BLA6
User58,Skyline Corp,Software Engineer,C:\Users\crp13\Desktop\badgelogo.png,7NN78XPVBO
User59,NextGen Solutions,Designer,C:\Users\crp13\Desktop\badgelogo.png,ZMJ25VDCFX
User60,TechNova,Software Engineer,C:\Users\crp13\Desktop\badgelogo.png,IP41XLR5YE
User61,InnoSoft,Software Engineer,C:\Users\crp13\Desktop\badgelogo.png,361DO3ZQVS
User62,TechNova,HR Executive,C:\Users\crp13\Desktop\badgelogo.png,W0U0DXNMQU
User63,Viral Collab,Designer,C:\Users\crp13\Desktop\badgelogo.png,FX1FE4SKT4
User64,InnoSoft,Designer,C:\Users\crp13\Desktop\badgelogo.png,CPOV65197I
User65,InnoSoft,HR Executive,C:\Users\crp13\Desktop\badgelogo.png,MQ5104G8MM
User66,NextGen Solutions,Project Manager,C:\Users\crp13\Desktop\badgelogo.png,38A70GYWKO
User67,Skyline Corp,Project Manager,C:\Users\crp13\Desktop\badgelogo.png,FQF4T1HZCF
User68,InnoSoft,HR Executive,C:\Users\crp13\Desktop\badgelogo.png,ZDR23TKLU5
User69,Viral Collab,Data Analyst,C:\Users\crp13\Desktop\badgelogo.png,SPZZ4ZWWGP
User70,InnoSoft,Software Engineer,C:\Users\crp13\Desktop\badgelogo.png,T95459EPT8
User71,InnoSoft,Project Manager,C:\Users\crp13\Desktop\badgelogo.png,MPRRE702LX
User72,NextGen Solutions,Project Manager,C:\Users\crp13\Desktop\badgelogo.png,FQNMBYB2B5
User73,Viral Collab,Designer,C:\Users\crp13\Desktop\badgelogo.png,LF4O0AUD1P
User74,Skyline Corp,Project Manager,C:\Users\crp13\Desktop\badgelogo.png,WSKDTXL0GW
User75,Skyline Corp,Data Analyst,C:\Users\crp13\Desktop\badgelogo.png,3VJIWGWNIA
User76,Skyline Corp,Software Engineer,C:\Users\crp13\Desktop\badgelogo.png,B82DR44T8L
User77,TechNova,HR Executive,C:\Users\crp13\Desktop\badgelogo.png,5DN892NGUF
User78,TechNova,Designer,C:\Users\crp13\Desktop\badgelogo.png,HHASGS072O
User79,Skyline Corp,HR Executive,C:\Users\crp13\Desktop\badgelogo.png,BE10PT3Q3P
User80,InnoSoft,HR Executive,C:\Users\crp13\Desktop\badgelogo.png,R7556I7ZY9
User81,Viral Collab,Data Analyst,C:\Users\crp13\Desktop\badgelogo.png,4CBN7FT4XV
User82,NextGen Solutions,Data Analyst,C:\Users\crp13\Desktop\badgelogo.png,T1D5Y4TC9M
User83,Skyline Corp,Data Analyst,C:\Users\crp13\Desktop\badgelogo.png,JH59HG0GJ1
User84,InnoSoft,Project Manager,C:\Users\crp13\Desktop\badgelogo.png,LXHLJA8M8S
User85,Viral Collab,Software Engineer,C:\Users\crp13\Desktop\badgelogo.png,RRHHUWCMIO
User86,Viral Collab,Software Engineer,C:\Users\crp13\Desktop\badgelogo.png,2CANTN4KYR
User87,InnoSoft,Project Manager,C:\Users\crp13\Desktop\badgelogo.png,SKLHLJ532U
User88,TechNova,Data Analyst,C:\Users\crp13\Desktop\badgelogo.png,F0PVDLH12Y
User89,NextGen Solutions,Project Manager,C:\Users\crp13\Desktop\badgelogo.png,PWPFCE4NT0
User90,NextGen Solutions,Project Manager,C:\Users\crp13\Desktop\badgelogo.png,EYDVFQAE2C
User91,Skyline Corp,HR Executive,C:\Users\crp13\Desktop\badgelogo.png,EBUT3X8DS3
User92,InnoSoft,Data Analyst,C:\Users\crp13\Desktop\badgelogo.png,IVG80EJUMN
User93,Viral Collab,Designer,C:\Users\crp13\Desktop\badgelogo.png,SRCM3JLD9M
User94,NextGen Solutions,Data Analyst,C:\Users\crp13\Desktop\badgelogo.png,GXC1ZB2RQG
User95,TechNova,Data Analyst,C:\Users\crp13\Desktop\badgelogo.png,TOGEP0P26E
User96,NextGen Solutions,Data Analyst,C:\Users\crp13\Desktop\badgelogo.png,K8VM69D0DO
User97,TechNova,Project Manager,C:\Users\crp13\Desktop\badgelogo.png,Z0OYODZWEB
User98,InnoSoft,HR Executive,C:\Users\crp13\Desktop\badgelogo.png,3YU8A19F8V
User99,Skyline Corp,Designer,C:\Users\crp13\Desktop\badgelogo.png,JPIWY5VPQB
User100,Viral Collab,HR Executive,C:\Users\crp13\Desktop\badgelogo.png,QHD5L96YMI
User101,Skyline Corp,Software Engineer,C:\Users\crp13\Desktop\badgelogo.png,SVHO3BHO1L
User102,Skyline Corp,Data Analyst,C:\Users\crp13\Desktop\badgelogo.png,3NILLY98Z2
User103,InnoSoft,Project Manager,C:\Users\crp13\Desktop\badgelogo.png,HETXKJ03HU
User104,NextGen Solutions,Designer,C:\Users\crp13\Desktop\badgelogo.png,YJQSKP689Z
User105,InnoSoft,HR Executive,C:\Users\crp13\Desktop\badgelogo.png,JTJ7SBQC8G
User106,InnoSoft,HR Executive,C:\Users\crp13\Desktop\badgelogo.png,LHXSILJ3PZ
User107,NextGen Solutions,Data Analyst,C:\Users\crp13\Desktop\badgelogo.png,FE503KJV8G
User108,InnoSoft,Software Engineer,C:\Users\crp13\Desktop\badgelogo.png,CNI39Y7IZU
User109,Skyline Corp,Designer,C:\Users\crp13\Desktop\badgelogo.png,GBOQ96HI4V
User110,TechNova,Data Analyst,C:\Users\crp13\Desktop\badgelogo.png,9SHT9C5P8P
User111,Viral Collab,Software Engineer,C:\Users\crp13\Desktop\badgelogo.png,51L9GS88SX
User112,Viral Collab,Designer,C:\Users\crp13\Desktop\badgelogo.png,MZ45WTIQOL
User113,Viral Collab,HR Executive,C:\Users\crp13\Desktop\badgelogo.png,PMJ3NUC41D
User114,TechNova,Software Engineer,C:\Users\crp13\Desktop\badgelogo.png,NXHTJK3U0Z
User115,TechNova,Designer,C:\Users\crp13\Desktop\badgelogo.png,6NU6L09TVE
User116,NextGen Solutions,Data Analyst,C:\Users\crp13\Desktop\badgelogo.png,CO2VMY6XLO
User117,TechNova,HR Executive,C:\Users\crp13\Desktop\badgelogo.png,04ZXRQPSV2
User118,InnoSoft,Project Manager,C:\Users\crp13\Desktop\badgelogo.png,W3T775WOAY
User119,Skyline Corp,Software Engineer,C:\Users\crp13\Desktop\badgelogo.png,EHGIE8P0K8
User120,NextGen Solutions,Designer,C:\Users\crp13\Desktop\badgelogo.png,V2N0HTH1OY
User121,Skyline Corp,Software Engineer,C:\Users\crp13\Desktop\badgelogo.png,YYVACEE1W6
User122,Viral Collab,Designer,C:\Users\crp13\Desktop\badgelogo.png,DKTKJAS3WA
User123,TechNova,Data Analyst,C:\Users\crp13\Desktop\badgelogo.png,B96U9HLNVP
User124,Viral Collab,Designer,C:\Users\crp13\Desktop\badgelogo.png,33FME1IS1H
User125,Viral Collab,Designer,C:\Users\crp13\Desktop\badgelogo.png,IJA6W1PZ4I
User126,TechNova,Project Manager,C:\Users\crp13\Desktop\badgelogo.png,1ATPJG95MS
User127,TechNova,Software Engineer,C:\Users\crp13\Desktop\badgelogo.png,8WOE65H2BA
User128,TechNova,Designer,C:\Users\crp13\Desktop\badgelogo.png,OB7MAM3LEF
User129,Skyline Corp,Project Manager,C:\Users\crp13\Desktop\badgelogo.png,OSK18ZLTXB
User130,NextGen Solutions,Designer,C:\Users\crp13\Desktop\badgelogo.png,3FZ1KYTE0P
User131,NextGen Solutions,Designer,C:\Users\crp13\Desktop\badgelogo.png,YFB6K6N45M
User132,NextGen Solutions,HR Executive,C:\Users\crp13\Desktop\badgelogo.png,3XJB8JN57S
User133,Viral Collab,Project Manager,C:\Users\crp13\Desktop\badgelogo.png,9CTL1MVME7
User134,TechNova,HR Executive,C:\Users\crp13\Desktop\badgelogo.png,SAHD580YGB
User135,TechNova,Designer,C:\Users\crp13\Desktop\badgelogo.png,UL1VO2W9QE
User136,Viral Collab,Data Analyst,C:\Users\crp13\Desktop\badgelogo.png,I7MZPOBXAF
User137,Skyline Corp,Software Engineer,C:\Users\crp13\Desktop\badgelogo.png,LMU4AC3V91
User138,NextGen Solutions,Software Engineer,C:\Users\crp13\Desktop\badgelogo.png,5MY90AYENZ
User139,Viral Collab,HR Executive,C:\Users\crp13\Desktop\badgelogo.png,D6VIFP9HZH
User140,Skyline Corp,Project Manager,C:\Users\crp13\Desktop\badgelogo.png,31D2FZB5C8
User141,TechNova,Data Analyst,C:\Users\crp13\Desktop\badgelogo.png,YCU6BSKR7R
User142,Skyline Corp,Designer,C:\Users\crp13\Desktop\badgelogo.png,1AGQ9B9MD3
User143,InnoSoft,Project Manager,C:\Users\crp13\Desktop\badgelogo.png,IXHPNRJOX5
User144,TechNova,Designer,C:\Users\crp13\Desktop\badgelogo.png,SUWFZW65V6
User145,InnoSoft,Project Manager,C:\Users\crp13\Desktop\badgelogo.png,4UUNZOTICD
User146,InnoSoft,Designer,C:\Users\crp13\Desktop\badgelogo.png,JWL8ERQ1WK
User147,Skyline Corp,Data Analyst,C:\Users\crp13\Desktop\badgelogo.png,4NCFCJ0Z6R
User148,NextGen Solutions,Designer,C:\Users\crp13\Desktop\badgelogo.png,2N93XUE86W
User149,InnoSoft,Designer,C:\Users\crp13\Desktop\badgelogo.png,OZ6I8VPNQZ
User150,InnoSoft,Data Analyst,C:\Users\crp13\Desktop\badgelogo.png,3CBAVQ9LHQ
User151,NextGen Solutions,HR Executive,C:\Users\crp13\Desktop\badgelogo.png,PPFH0H7OH3
User152,TechNova,Software Engineer,C:\Users\crp13\Desktop\badgelogo.png,7859J76HDT
User153,TechNova,Software Engineer,C:\Users\crp13\Desktop\badgelogo.png,RHOF70NJ0B
User154,Viral Collab,Project Manager,C:\Users\crp13\Desktop\badgelogo.png,98SZNTPBYD
User155,InnoSoft,Project Manager,C:\Users\crp13\Desktop\badgelogo.png,XZNV5J019J
User156,NextGen Solutions,HR Executive,C:\Users\crp13\Desktop\badgelogo.png,NQ5Q3TE32I
User157,InnoSoft,Designer,C:\Users\crp13\Desktop\badgelogo.png,X4UK2BP62O
User158,Viral Collab,Software Engineer,C:\Users\crp13\Desktop\badgelogo.png,9ASLX8J2FF
User159,NextGen Solutions,Software Engineer,C:\Users\crp13\Desktop\badgelogo.png,9TP7ELAWID
User160,Skyline Corp,HR Executive,C:\Users\crp13\Desktop\badgelogo.png,4IT8GFC99Y
User161,NextGen Solutions,Designer,C:\Users\crp13\Desktop\badgelogo.png,FPZ5AJ607S
User162,TechNova,Project Manager,C:\Users\crp13\Desktop\badgelogo.png,M5CLCBQ50V
User163,TechNova,Designer,C:\Users\crp13\Desktop\badgelogo.png,L01ODADC6Z
User164,InnoSoft,Software Engineer,C:\Users\crp13\Desktop\badgelogo.png,T4HYXYY1CD
User165,NextGen Solutions,Project Manager,C:\Users\crp13\Desktop\badgelogo.png,5F8S3CX9H0
User166,Viral Collab,Project Manager,C:\Users\crp13\Desktop\badgelogo.png,ZD5YWILXD1
User167,Viral Collab,HR Executive,C:\Users\crp13\Desktop\badgelogo.png,A94NAZE9GL
User168,NextGen Solutions,Software Engineer,C:\Users\crp13\Desktop\badgelogo.png,QVK1VZML19
User169,Skyline Corp,Project Manager,C:\Users\crp13\Desktop\badgelogo.png,UHFOSR066R
User170,Skyline Corp,Software Engineer,C:\Users\crp13\Desktop\badgelogo.png,0DW26BMGXK
User171,NextGen Solutions,Data Analyst,C:\Users\crp13\Desktop\badgelogo.png,BA6ONPAKDR
User172,InnoSoft,Project Manager,C:\Users\crp13\Desktop\badgelogo.png,HKMT8TR1AL
User173,Viral Collab,Designer,C:\Users\crp13\Desktop\badgelogo.png,4LT15MHXNC
User174,TechNova,Data Analyst,C:\Users\crp13\Desktop\badgelogo.png,YVUPM8KMNH
User175,Viral Collab,Designer,C:\Users\crp13\Desktop\badgelogo.png,81VCASCXM1
User176,Viral Collab,HR Executive,C:\Users\crp13\Desktop\badgelogo.png,OH2GF9N8RP
User177,Skyline Corp,HR Executive,C:\Users\crp13\Desktop\badgelogo.png,BXA9N5NIX9
User178,InnoSoft,Designer,C:\Users\crp13\Desktop\badgelogo.png,2IZJLZD3ZE
User179,Skyline Corp,Designer,C:\Users\crp13\Desktop\badgelogo.png,PFCR03SC6J
User180,Viral Collab,Data Analyst,C:\Users\crp13\Desktop\badgelogo.png,DNIU704JEU
User181,Viral Collab,Designer,C:\Users\crp13\Desktop\badgelogo.png,FA9AEJDMIT
User182,Skyline Corp,Designer,C:\Users\crp13\Desktop\badgelogo.png,74BPU3O38O
User183,Viral Collab,Designer,C:\Users\crp13\Desktop\badgelogo.png,P1Q6OD748K
User184,InnoSoft,Project Manager,C:\Users\crp13\Desktop\badgelogo.png,Y23YG4TO7C
User185,Viral Collab,Software Engineer,C:\Users\crp13\Desktop\badgelogo.png,DTYJJ8TIZ4
User186,NextGen Solutions,HR Executive,C:\Users\crp13\Desktop\badgelogo.png,FFGJU822MO
User187,Viral Collab,Data Analyst,C:\Users\crp13\Desktop\badgelogo.png,FE9AW2VGCQ
User188,Skyline Corp,Designer,C:\Users\crp13\Desktop\badgelogo.png,6LBZI0J4YL
User189,Viral Collab,HR Executive,C:\Users\crp13\Desktop\badgelogo.png,TJ7EJAK3N5
User190,InnoSoft,Designer,C:\Users\crp13\Desktop\badgelogo.png,X05MYFN320
User191,InnoSoft,Software Engineer,C:\Users\crp13\Desktop\badgelogo.png,N6KOA609QX
User192,NextGen Solutions,Project Manager,C:\Users\crp13\Desktop\badgelogo.png,KLNSJFCXIT
User193,InnoSoft,Project Manager,C:\Users\crp13\Desktop\badgelogo.png,V3RFTN910A
User194,TechNova,HR Executive,C:\Users\crp13\Desktop\badgelogo.png,S2WT0D6GD4
User195,NextGen Solutions,Data Analyst,C:\Users\crp13\Desktop\badgelogo.png,JQZW80RB4P
User196,NextGen Solutions,Data Analyst,C:\Users\crp13\Desktop\badgelogo.png,RMV2X126MT
User197,Viral Collab,Designer,C:\Users\crp13\Desktop\badgelogo.png,8PJYRF8NMD
User198,NextGen Solutions,HR Executive,C:\Users\crp13\Desktop\badgelogo.png,YAK5CV189S
User199,Skyline Corp,Project Manager,C:\Users\crp13\Desktop\badgelogo.png,M4EJQS3WKB
User200,NextGen Solutions,Designer,C:\Users\crp13\Desktop\badgelogo.png,EZOBFIN6MJ
User201,TechNova,Project Manager,C:\Users\crp13\Desktop\badgelogo.png,R257D899GS
User202,InnoSoft,Project Manager,C:\Users\crp13\Desktop\badgelogo.png,T4RJW9MGQ8
User203,TechNova,HR Executive,C:\Users\crp13\Desktop\badgelogo.png,J09PPE53IB
User204,Viral Collab,Project Manager,C:\Users\crp13\Desktop\badgelogo.png,GBM0U8R7MS
User205,Skyline Corp,Data Analyst,C:\Users\crp13\Desktop\badgelogo.png,GW2H6JT227
User206,Skyline Corp,Designer,C:\Users\crp13\Desktop\badgelogo.png,CTN49D8QKK
User207,NextGen Solutions,Project Manager,C:\Users\crp13\Desktop\badgelogo.png,1CEGM0Y8KF
User208,NextGen Solutions,HR Executive,C:\Users\crp13\Desktop\badgelogo.png,RVJ1EEAO1K
User209,Viral Collab,Designer,C:\Users\crp13\Desktop\badgelogo.png,AX6UOVXK4X
User210,Skyline Corp,Project Manager,C:\Users\crp13\Desktop\badgelogo.png,LG9XD1XEHU
User211,Viral Collab,Designer,C:\Users\crp13\Desktop\badgelogo.png,UUSI1Q1TUR
User212,Viral Collab,Software Engineer,C:\Users\crp13\Desktop\badgelogo.png,AMOGJHQV2R
User213,Skyline Corp,Data Analyst,C:\Users\crp13\Desktop\badgelogo.png,G9EGHGC1A2
User214,Viral Collab,Project Manager,C:\Users\crp13\Desktop\badgelogo.png,QAR23ZQF0T
User215,TechNova,HR Executive,C:\Users\crp13\Desktop\badgelogo.png,UNMU3LMSZX
User216,InnoSoft,HR Executive,C:\Users\crp13\Desktop\badgelogo.png,M98OVBWCK7
User217,Skyline Corp,Project Manager,C:\Users\crp13\Desktop\badgelogo.png,7RYMYU0CGZ
User218,NextGen Solutions,Designer,C:\Users\crp13\Desktop\badgelogo.png,NXWNETOP0Z
User219,NextGen Solutions,Data Analyst,C:\Users\crp13\Desktop\badgelogo.png,RGL1ZE32PV
User220,NextGen Solutions,Software Engineer,C:\Users\crp13\Desktop\badgelogo.png,UVZ1271LD4
User221,InnoSoft,Software Engineer,C:\Users\crp13\Desktop\badgelogo.png,RHJIM5OZV9
User222,InnoSoft,Project Manager,C:\Users\crp13\Desktop\badgelogo.png,V85PXQNOKU
User223,Skyline Corp,Designer,C:\Users\crp13\Desktop\badgelogo.png,B2R8JO1UJ6
User224,InnoSoft,Designer,C:\Users\crp13\Desktop\badgelogo.png,WUX1OSZDRZ
User225,InnoSoft,Data Analyst,C:\Users\crp13\Desktop\badgelogo.png,YY2MK8W7JG
User226,NextGen Solutions,Data Analyst,C:\Users\crp13\Desktop\badgelogo.png,PIPCIUENBU
User227,TechNova,Designer,C:\Users\crp13\Desktop\badgelogo.png,GUE93UKI2Z
User228,TechNova,Designer,C:\Users\crp13\Desktop\badgelogo.png,CYIEX5I9YE
User229,TechNova,Software Engineer,C:\Users\crp13\Desktop\badgelogo.png,RC10TFIZ6D
User230,InnoSoft,Designer,C:\Users\crp13\Desktop\badgelogo.png,JB0K1IIA5B
User231,Skyline Corp,HR Executive,C:\Users\crp13\Desktop\badgelogo.png,EM49FDWZPY
User232,Viral Collab,HR Executive,C:\Users\crp13\Desktop\badgelogo.png,RVW8GKHCG2
User233,Viral Collab,Software Engineer,C:\Users\crp13\Desktop\badgelogo.png,D0A2ODL5DV
User234,Viral Collab,Software Engineer,C:\Users\crp13\Desktop\badgelogo.png,WZYDOVVKBE
User235,NextGen Solutions,Project Manager,C:\Users\crp13\Desktop\badgelogo.png,6PD1F7I86A
User236,TechNova,Designer,C:\Users\crp13\Desktop\badgelogo.png,HZLKDGRW5J
User237,NextGen Solutions,HR Executive,C:\Users\crp13\Desktop\badgelogo.png,TP3QS0W971
User238,TechNova,Software Engineer,C:\Users\crp13\Desktop\badgelogo.png,6HG3EOHA1K
User239,TechNova,HR Executive,C:\Users\crp13\Desktop\badgelogo.png,K8L4KLUSKU
User240,Skyline Corp,Data Analyst,C:\Users\crp13\Desktop\badgelogo.png,00YD6WF2SF
User241,NextGen Solutions,Software Engineer,C:\Users\crp13\Desktop\badgelogo.png,IL1XT6N5C9
User242,InnoSoft,Data Analyst,C:\Users\crp13\Desktop\badgelogo.png,SBWA4QIHEE
User243,NextGen Solutions,Data Analyst,C:\Users\crp13\Desktop\badgelogo.png,RY3UB02ID6
User244,InnoSoft,Data Analyst,C:\Users\crp13\Desktop\badgelogo.png,E6VLGX8EE2
User245,TechNova,Software Engineer,C:\Users\crp13\Desktop\badgelogo.png,VQO2KAHFTN
User246,TechNova,Data Analyst,C:\Users\crp13\Desktop\badgelogo.png,NIAHYIJ4WO
User247,NextGen Solutions,Data Analyst,C:\Users\crp13\Desktop\badgelogo.png,878K12LWJ1
User248,InnoSoft,Data Analyst,C:\Users\crp13\Desktop\badgelogo.png,DQ8Z2U7VKA
User249,NextGen Solutions,Software Engineer,C:\Users\crp13\Desktop\badgelogo.png,POMRTMJC3M
User250,NextGen Solutions,Designer,C:\Users\crp13\Desktop\badgelogo.png,MQVEMMWQCS
User251,Skyline Corp,HR Executive,C:\Users\crp13\Desktop\badgelogo.png,PONUM79SBX
User252,InnoSoft,HR Executive,C:\Users\crp13\Desktop\badgelogo.png,UUG0EYU7RN
User253,TechNova,Data Analyst,C:\Users\crp13\Desktop\badgelogo.png,ANEEU1UBFB
User254,Skyline Corp,Designer,C:\Users\crp13\Desktop\badgelogo.png,Y9H5Y8M6KI
User255,InnoSoft,HR Executive,C:\Users\crp13\Desktop\badgelogo.png,QGEQQ7CJAS
User256,Viral Collab,Software Engineer,C:\Users\crp13\Desktop\badgelogo.png,PLGVF3OW35
User257,TechNova,Project Manager,C:\Users\crp13\Desktop\badgelogo.png,H3G9M7HEJE
User258,NextGen Solutions,Software Engineer,C:\Users\crp13\Desktop\badgelogo.png,XF6AXYVG8Y
User259,Viral Collab,HR Executive,C:\Users\crp13\Desktop\badgelogo.png,5DQAU04PKZ
User260,InnoSoft,Designer,C:\Users\crp13\Desktop\badgelogo.png,I9A746367X
User261,NextGen Solutions,Designer,C:\Users\crp13\Desktop\badgelogo.png,MKMGPUORM3
User262,InnoSoft,Project Manager,C:\Users\crp13\Desktop\badgelogo.png,7M1DHWND3L
User263,TechNova,Project Manager,C:\Users\crp13\Desktop\badgelogo.png,KA92BOFSAD
User264,InnoSoft,HR Executive,C:\Users\crp13\Desktop\badgelogo.png,4VLCOQVEK5
User265,Viral Collab,Data Analyst,C:\Users\crp13\Desktop\badgelogo.png,KXZOQA60Y8
User266,NextGen Solutions,Software Engineer,C:\Users\crp13\Desktop\badgelogo.png,PEMU5TJMWP
User267,Skyline Corp,Data Analyst,C:\Users\crp13\Desktop\badgelogo.png,WC16C94Z08
User268,NextGen Solutions,HR Executive,C:\Users\crp13\Desktop\badgelogo.png,M3I75KN7GP
User269,InnoSoft,Designer,C:\Users\crp13\Desktop\badgelogo.png,DKQ0UST63B
User270,TechNova,Data Analyst,C:\Users\crp13\Desktop\badgelogo.png,VASXMHV6GU
User271,TechNova,HR Executive,C:\Users\crp13\Desktop\badgelogo.png,5DDPLI9EO6
User272,Skyline Corp,Data Analyst,C:\Users\crp13\Desktop\badgelogo.png,R1H0KTEOEJ
User273,NextGen Solutions,Data Analyst,C:\Users\crp13\Desktop\badgelogo.png,SLO83ICVDW
User274,Viral Collab,HR Executive,C:\Users\crp13\Desktop\badgelogo.png,X9AY7OEBG3
User275,NextGen Solutions,Software Engineer,C:\Users\crp13\Desktop\badgelogo.png,YWECGIDVCC
User276,Viral Collab,Software Engineer,C:\Users\crp13\Desktop\badgelogo.png,N3YW87IW8N
User277,Skyline Corp,HR Executive,C:\Users\crp13\Desktop\badgelogo.png,OWIB1OS3CB
User278,Skyline Corp,Software Engineer,C:\Users\crp13\Desktop\badgelogo.png,PO5TXPOLHH
User279,TechNova,Project Manager,C:\Users\crp13\Desktop\badgelogo.png,59I82SS6ZU
User280,InnoSoft,Software Engineer,C:\Users\crp13\Desktop\badgelogo.png,Z1TJJ8K6G3
User281,Viral Collab,Project Manager,C:\Users\crp13\Desktop\badgelogo.png,BSROTO9WTH
User282,NextGen Solutions,Designer,C:\Users\crp13\Desktop\badgelogo.png,I38PK3DSG7
User283,InnoSoft,Designer,C:\Users\crp13\Desktop\badgelogo.png,GQKC209FFN
User284,InnoSoft,Data Analyst,C:\Users\crp13\Desktop\badgelogo.png,MFHQGLFCIT
User285,InnoSoft,HR Executive,C:\Users\crp13\Desktop\badgelogo.png,PDDNOUZCP7
User286,Skyline Corp,HR Executive,C:\Users\crp13\Desktop\badgelogo.png,MWIQ1VSG8G
User287,InnoSoft,Data Analyst,C:\Users\crp13\Desktop\badgelogo.png,7KVTCJSWMD
User288,InnoSoft,Designer,C:\Users\crp13\Desktop\badgelogo.png,4ADC8OAKHW
User289,Skyline Corp,Project Manager,C:\Users\crp13\Desktop\badgelogo.png,1JFRQIQQN2
User290,Skyline Corp,Software Engineer,C:\Users\crp13\Desktop\badgelogo.png,Q0DGYFBCVF
User291,Skyline Corp,Project Manager,C:\Users\crp13\Desktop\badgelogo.png,0963OAVYE1
User292,NextGen Solutions,HR Executive,C:\Users\crp13\Desktop\badgelogo.png,SQ2F1NK2AD
User293,NextGen Solutions,Project Manager,C:\Users\crp13\Desktop\badgelogo.png,0UQ46TCWEJ
User294,Viral Collab,Data Analyst,C:\Users\crp13\Desktop\badgelogo.png,0J9QYGSZ8X
User295,Viral Collab,Data Analyst,C:\Users\crp13\Desktop\badgelogo.png,JA08GY3GWC
User296,NextGen Solutions,HR Executive,C:\Users\crp13\Desktop\badgelogo.png,4SMHLQRTBU
User297,Viral Collab,Project Manager,C:\Users\crp13\Desktop\badgelogo.png,UMJCXP89HF
User298,Viral Collab,Designer,C:\Users\crp13\Desktop\badgelogo.png,02PK0GBDZK
User299,InnoSoft,Data Analyst,C:\Users\crp13\Desktop\badgelogo.png,3QJ5J4IH31
User300,NextGen Solutions,Data Analyst,C:\Users\crp13\Desktop\badgelogo.png,XO4L256RNW
User301,InnoSoft,Project Manager,C:\Users\crp13\Desktop\badgelogo.png,CD92WAKH10
User302,NextGen Solutions,Software Engineer,C:\Users\crp13\Desktop\badgelogo.png,YSPR40U40U
User303,NextGen Solutions,Software Engineer,C:\Users\crp13\Desktop\badgelogo.png,4SPOCJ238K
User304,InnoSoft,Designer,C:\Users\crp13\Desktop\badgelogo.png,NEU6428QWX
User305,InnoSoft,Software Engineer,C:\Users\crp13\Desktop\badgelogo.png,19V3FQG2S7
User306,Viral Collab,Software Engineer,C:\Users\crp13\Desktop\badgelogo.png,43IYBXKLJI
User307,Skyline Corp,Data Analyst,C:\Users\crp13\Desktop\badgelogo.png,3I1EQ972NU
User308,NextGen Solutions,Project Manager,C:\Users\crp13\Desktop\badgelogo.png,QGVIZIRUZY
User309,Viral Collab,Software Engineer,C:\Users\crp13\Desktop\badgelogo.png,FZ4RSZWMCS
User310,TechNova,Designer,C:\Users\crp13\Desktop\badgelogo.png,JK9I2BFMT4
User311,NextGen Solutions,Project Manager,C:\Users\crp13\Desktop\badgelogo.png,LU08OY4DDT
User312,Skyline Corp,Designer,C:\Users\crp13\Desktop\badgelogo.png,NS14OCOEUJ
User313,Skyline Corp,Data Analyst,C:\Users\crp13\Desktop\badgelogo.png,F7IO3GONAA
User314,InnoSoft,Software Engineer,C:\Users\crp13\Desktop\badgelogo.png,0TZWS34BZJ
User315,NextGen Solutions,Data Analyst,C:\Users\crp13\Desktop\badgelogo.png,24FDXR6LTE
User316,NextGen Solutions,HR Executive,C:\Users\crp13\Desktop\badgelogo.png,9MMRFZ9WVB
User317,InnoSoft,Designer,C:\Users\crp13\Desktop\badgelogo.png,AJR7698176
User318,Skyline Corp,Designer,C:\Users\crp13\Desktop\badgelogo.png,XZ14LTIZGM
User319,InnoSoft,Designer,C:\Users\crp13\Desktop\badgelogo.png,IMLFHZPK9P
User320,TechNova,HR Executive,C:\Users\crp13\Desktop\badgelogo.png,2WLUDYY3CW
User321,Viral Collab,Designer,C:\Users\crp13\Desktop\badgelogo.png,8DQPMX3DFN
User322,NextGen Solutions,Designer,C:\Users\crp13\Desktop\badgelogo.png,HVVHYVB1C4
User323,InnoSoft,Data Analyst,C:\Users\crp13\Desktop\badgelogo.png,YFKDPRK0B2
User324,TechNova,HR Executive,C:\Users\crp13\Desktop\badgelogo.png,JU35FHH94Q
User325,Viral Collab,Software Engineer,C:\Users\crp13\Desktop\badgelogo.png,GUZ896SLKC
User326,Viral Collab,Data Analyst,C:\Users\crp13\Desktop\badgelogo.png,MNUOQANAER
User327,NextGen Solutions,Project Manager,C:\Users\crp13\Desktop\badgelogo.png,WLKNVM8CPD
User328,Viral Collab,Data Analyst,C:\Users\crp13\Desktop\badgelogo.png,K092IH0WM6
User329,NextGen Solutions,HR Executive,C:\Users\crp13\Desktop\badgelogo.png,50S338W70B
User330,Skyline Corp,Project Manager,C:\Users\crp13\Desktop\badgelogo.png,PM1MIVB156
User331,TechNova,Software Engineer,C:\Users\crp13\Desktop\badgelogo.png,ZQ2DDKGLQL
User332,NextGen Solutions,Data Analyst,C:\Users\crp13\Desktop\badgelogo.png,Y5RSDZM4FC
User333,TechNova,Software Engineer,C:\Users\crp13\Desktop\badgelogo.png,BDK0LO166T
User334,Viral Collab,Software Engineer,C:\Users\crp13\Desktop\badgelogo.png,ZT02QZWQU1
User335,NextGen Solutions,Software Engineer,C:\Users\crp13\Desktop\badgelogo.png,PF00AU3FTD
User336,TechNova,Software Engineer,C:\Users\crp13\Desktop\badgelogo.png,J2FYSG6Z6N
User337,Skyline Corp,Project Manager,C:\Users\crp13\Desktop\badgelogo.png,LQQIZCG00X
User338,Viral Collab,Software Engineer,C:\Users\crp13\Desktop\badgelogo.png,W0D9COS07A
User339,Skyline Corp,Data Analyst,C:\Users\crp13\Desktop\badgelogo.png,6X4CLRUAHF
User340,NextGen Solutions,Software Engineer,C:\Users\crp13\Desktop\badgelogo.png,49SQRM6OZB
User341,InnoSoft,Designer,C:\Users\crp13\Desktop\badgelogo.png,K685ASEEH0
User342,Skyline Corp,Project Manager,C:\Users\crp13\Desktop\badgelogo.png,V2OUSN726P
User343,TechNova,Software Engineer,C:\Users\crp13\Desktop\badgelogo.png,8OJA6LYYTY
User344,NextGen Solutions,Data Analyst,C:\Users\crp13\Desktop\badgelogo.png,0UE6TGK5DU
User345,Skyline Corp,Designer,C:\Users\crp13\Desktop\badgelogo.png,Z6VDKL4635
User346,NextGen Solutions,Project Manager,C:\Users\crp13\Desktop\badgelogo.png,LYEZTWRYH8
User347,TechNova,Data Analyst,C:\Users\crp13\Desktop\badgelogo.png,RACHCD6X0P
User348,TechNova,Designer,C:\Users\crp13\Desktop\badgelogo.png,XCX61B7OAZ
User349,InnoSoft,Project Manager,C:\Users\crp13\Desktop\badgelogo.png,Q7UZKKBETR
User350,NextGen Solutions,HR Executive,C:\Users\crp13\Desktop\badgelogo.png,FCZHL649PS
User351,Viral Collab,Data Analyst,C:\Users\crp13\Desktop\badgelogo.png,8C5UVEQHLV
User352,Skyline Corp,Designer,C:\Users\crp13\Desktop\badgelogo.png,CNOW70Q605
User353,Skyline Corp,Software Engineer,C:\Users\crp13\Desktop\badgelogo.png,3RNV47SIGZ
User354,InnoSoft,Designer,C:\Users\crp13\Desktop\badgelogo.png,E8MSWEXTSZ
User355,Viral Collab,Software Engineer,C:\Users\crp13\Desktop\badgelogo.png,EP6GNT91Z3
User356,Viral Collab,Software Engineer,C:\Users\crp13\Desktop\badgelogo.png,RU1S07HYJQ
User357,NextGen Solutions,Designer,C:\Users\crp13\Desktop\badgelogo.png,Y2X9MO79ZN
User358,Viral Collab,Software Engineer,C:\Users\crp13\Desktop\badgelogo.png,CDG28AYU3E
User359,Skyline Corp,Software Engineer,C:\Users\crp13\Desktop\badgelogo.png,127DVBMHX0
User360,TechNova,Project Manager,C:\Users\crp13\Desktop\badgelogo.png,OKM295HYJY
User361,Skyline Corp,Data Analyst,C:\Users\crp13\Desktop\badgelogo.png,4KMLRM9R4E
User362,NextGen Solutions,Data Analyst,C:\Users\crp13\Desktop\badgelogo.png,6LAQLP00HH
User363,Skyline Corp,HR Executive,C:\Users\crp13\Desktop\badgelogo.png,5KAZNRBZ7F
User364,Viral Collab,Software Engineer,C:\Users\crp13\Desktop\badgelogo.png,0SG0TGP2CI
User365,InnoSoft,Data Analyst,C:\Users\crp13\Desktop\badgelogo.png,HWOV9VQYUC
User366,NextGen Solutions,Designer,C:\Users\crp13\Desktop\badgelogo.png,6CIRBF4BYG
User367,NextGen Solutions,Designer,C:\Users\crp13\Desktop\badgelogo.png,IB14UKGCIT
User368,Viral Collab,Project Manager,C:\Users\crp13\Desktop\badgelogo.png,8QT7ZKR7ZA
User369,Skyline Corp,HR Executive,C:\Users\crp13\Desktop\badgelogo.png,S48ZFDNMK7
User370,InnoSoft,Project Manager,C:\Users\crp13\Desktop\badgelogo.png,JIX04Q2WFZ
User371,TechNova,HR Executive,C:\Users\crp13\Desktop\badgelogo.png,8NZUSAB6H4
User372,Skyline Corp,Project Manager,C:\Users\crp13\Desktop\badgelogo.png,BVH4HMTF4S
User373,TechNova,Designer,C:\Users\crp13\Desktop\badgelogo.png,9GD2JFJ8LP
User374,Viral Collab,HR Executive,C:\Users\crp13\Desktop\badgelogo.png,GK8WBJN7S4
User375,Skyline Corp,Data Analyst,C:\Users\crp13\Desktop\badgelogo.png,LAAIA8PPSZ
User376,TechNova,Data Analyst,C:\Users\crp13\Desktop\badgelogo.png,0JHOV373N2
User377,InnoSoft,Software Engineer,C:\Users\crp13\Desktop\badgelogo.png,R0J1OVSD9Y
User378,InnoSoft,HR Executive,C:\Users\crp13\Desktop\badgelogo.png,MCGUMC4ERJ
User379,Viral Collab,Software Engineer,C:\Users\crp13\Desktop\badgelogo.png,65RQ9KHCG5
User380,NextGen Solutions,Software Engineer,C:\Users\crp13\Desktop\badgelogo.png,ZFI6Y29K7F
User381,Skyline Corp,Project Manager,C:\Users\crp13\Desktop\badgelogo.png,P1HKL7RYXM
User382,Viral Collab,Data Analyst,C:\Users\crp13\Desktop\badgelogo.png,J29KT96CB8
User383,InnoSoft,Designer,C:\Users\crp13\Desktop\badgelogo.png,T9PMJ0OAJ5
User384,TechNova,Data Analyst,C:\Users\crp13\Desktop\badgelogo.png,NPS1O58QJF
User385,Skyline Corp,HR Executive,C:\Users\crp13\Desktop\badgelogo.png,20J1XKBQ2K
User386,Viral Collab,Designer,C:\Users\crp13\Desktop\badgelogo.png,FAG36KYEGH
User387,InnoSoft,Data Analyst,C:\Users\crp13\Desktop\badgelogo.png,4S7E4WHBOS
User388,InnoSoft,Project Manager,C:\Users\crp13\Desktop\badgelogo.png,QC76VHFF9Y
User389,Skyline Corp,Project Manager,C:\Users\crp13\Desktop\badgelogo.png,NLLLBB4QSH
User390,NextGen Solutions,Data Analyst,C:\Users\crp13\Desktop\badgelogo.png,JEBIQ0LRK7
User391,InnoSoft,Designer,C:\Users\crp13\Desktop\badgelogo.png,CHC8CPMLYP
User392,Skyline Corp,Data Analyst,C:\Users\crp13\Desktop\badgelogo.png,F5E7BNTHE0
User393,InnoSoft,Data Analyst,C:\Users\crp13\Desktop\badgelogo.png,OJXA3BH7N0
User394,Skyline Corp,Designer,C:\Users\crp13\Desktop\badgelogo.png,62JPPT7FFC
User395,Skyline Corp,Data Analyst,C:\Users\crp13\Desktop\badgelogo.png,XHUAQ9604T
User396,Viral Collab,Designer,C:\Users\crp13\Desktop\badgelogo.png,ZNARMW0ZOP
User397,TechNova,Project Manager,C:\Users\crp13\Desktop\badgelogo.png,GT6AYVEL03
User398,Viral Collab,HR Executive,C:\Users\crp13\Desktop\badgelogo.png,SWMGQWYLFR
User399,Viral Collab,Data Analyst,C:\Users\crp13\Desktop\badgelogo.png,XAND29NPZK
User400,InnoSoft,Data Analyst,C:\Users\crp13\Desktop\badgelogo.png,15NW2GU3H5
User401,TechNova,Project Manager,C:\Users\crp13\Desktop\badgelogo.png,S84BJYDFMO
User402,InnoSoft,Data Analyst,C:\Users\crp13\Desktop\badgelogo.png,ILS3R0SG2R
User403,InnoSoft,Software Engineer,C:\Users\crp13\Desktop\badgelogo.png,J245Q40EEI
User404,InnoSoft,Project Manager,C:\Users\crp13\Desktop\badgelogo.png,H5D916AKXA
User405,TechNova,Designer,C:\Users\crp13\Desktop\badgelogo.png,VL8XHFMQIL
User406,TechNova,Software Engineer,C:\Users\crp13\Desktop\badgelogo.png,PQX2CXEF0W
User407,TechNova,Software Engineer,C:\Users\crp13\Desktop\badgelogo.png,P4HZGT87QL
User408,Viral Collab,Software Engineer,C:\Users\crp13\Desktop\badgelogo.png,0WNX30CEDG
User409,Skyline Corp,Software Engineer,C:\Users\crp13\Desktop\badgelogo.png,E8XZGCT1YV
User410,InnoSoft,Project Manager,C:\Users\crp13\Desktop\badgelogo.png,BEPM1K7VT5
User411,TechNova,Data Analyst,C:\Users\crp13\Desktop\badgelogo.png,HE07P0VPD4
User412,Viral Collab,Project Manager,C:\Users\crp13\Desktop\badgelogo.png,OABXOBMPO4
User413,NextGen Solutions,Data Analyst,C:\Users\crp13\Desktop\badgelogo.png,OTPBRP879D
User414,TechNova,Data Analyst,C:\Users\crp13\Desktop\badgelogo.png,MA51OAR8IK
User415,TechNova,Project Manager,C:\Users\crp13\Desktop\badgelogo.png,4I0EAQDDY2
User416,TechNova,Project Manager,C:\Users\crp13\Desktop\badgelogo.png,6CZB3JINGB
User417,Skyline Corp,Software Engineer,C:\Users\crp13\Desktop\badgelogo.png,4AZ0E7SB20
User418,TechNova,Designer,C:\Users\crp13\Desktop\badgelogo.png,33BGI31W01
User419,Viral Collab,Project Manager,C:\Users\crp13\Desktop\badgelogo.png,CPP9ET3R1V
User420,InnoSoft,Software Engineer,C:\Users\crp13\Desktop\badgelogo.png,VXQ4Z56PM8
User421,Skyline Corp,Software Engineer,C:\Users\crp13\Desktop\badgelogo.png,S2H40XEHUF
User422,NextGen Solutions,HR Executive,C:\Users\crp13\Desktop\badgelogo.png,GDIK4O0UA4
User423,Skyline Corp,Software Engineer,C:\Users\crp13\Desktop\badgelogo.png,8MXUXB15T9
User424,TechNova,Project Manager,C:\Users\crp13\Desktop\badgelogo.png,2CPQR1VTFF
User425,Skyline Corp,Software Engineer,C:\Users\crp13\Desktop\badgelogo.png,GJRYR4BUM4
User426,NextGen Solutions,Software Engineer,C:\Users\crp13\Desktop\badgelogo.png,ZET6NAW2UV
User427,Skyline Corp,Software Engineer,C:\Users\crp13\Desktop\badgelogo.png,R8IVLMXTA3
User428,Viral Collab,Project Manager,C:\Users\crp13\Desktop\badgelogo.png,Y5O4Q8OQYA
User429,NextGen Solutions,Designer,C:\Users\crp13\Desktop\badgelogo.png,2CVMSR2KZO
User430,NextGen Solutions,Project Manager,C:\Users\crp13\Desktop\badgelogo.png,Y95LKU0B3S
User431,Viral Collab,Data Analyst,C:\Users\crp13\Desktop\badgelogo.png,MVG5UDTQKT
User432,Viral Collab,Data Analyst,C:\Users\crp13\Desktop\badgelogo.png,2TTFJ0P92S
User433,TechNova,Data Analyst,C:\Users\crp13\Desktop\badgelogo.png,ZHTZZ0R325
User434,NextGen Solutions,Software Engineer,C:\Users\crp13\Desktop\badgelogo.png,WZLWDXMJLD
User435,Skyline Corp,Data Analyst,C:\Users\crp13\Desktop\badgelogo.png,AQLNN8BGR7
User436,NextGen Solutions,Software Engineer,C:\Users\crp13\Desktop\badgelogo.png,VCD0JVYYCA
User437,InnoSoft,Designer,C:\Users\crp13\Desktop\badgelogo.png,JLN4HUF3EK
User438,InnoSoft,Project Manager,C:\Users\crp13\Desktop\badgelogo.png,6OWIH8WVAM
User439,NextGen Solutions,HR Executive,C:\Users\crp13\Desktop\badgelogo.png,C6IVJOFM5T
User440,NextGen Solutions,Data Analyst,C:\Users\crp13\Desktop\badgelogo.png,QF3SWAKHEQ
User441,InnoSoft,HR Executive,C:\Users\crp13\Desktop\badgelogo.png,YWHCM9M7E8
User442,Skyline Corp,HR Executive,C:\Users\crp13\Desktop\badgelogo.png,SPWGXW2HK4
User443,NextGen Solutions,Designer,C:\Users\crp13\Desktop\badgelogo.png,4OXQLBY5ZR
User444,TechNova,Designer,C:\Users\crp13\Desktop\badgelogo.png,AX48G3WZR8
User445,NextGen Solutions,Designer,C:\Users\crp13\Desktop\badgelogo.png,F25XOBYK6B
User446,TechNova,HR Executive,C:\Users\crp13\Desktop\badgelogo.png,D1WJLNVLEF
User447,NextGen Solutions,Project Manager,C:\Users\crp13\Desktop\badgelogo.png,52V4H740J9
User448,Skyline Corp,HR Executive,C:\Users\crp13\Desktop\badgelogo.png,DVJ5OSE1OG
User449,NextGen Solutions,Data Analyst,C:\Users\crp13\Desktop\badgelogo.png,OCYEZ9OJ8C
User450,Viral Collab,HR Executive,C:\Users\crp13\Desktop\badgelogo.png,YVMJG6YNUT
User451,InnoSoft,Software Engineer,C:\Users\crp13\Desktop\badgelogo.png,I7ULF4SOWA
User452,TechNova,Data Analyst,C:\Users\crp13\Desktop\badgelogo.png,WYYUN87CQG
User453,TechNova,Software Engineer,C:\Users\crp13\Desktop\badgelogo.png,T6SKP3VXVD
User454,Skyline Corp,Designer,C:\Users\crp13\Desktop\badgelogo.png,TOTZFQBDAD
User455,TechNova,Designer,C:\Users\crp13\Desktop\badgelogo.png,6Z93N77FF0
User456,NextGen Solutions,Designer,C:\Users\crp13\Desktop\badgelogo.png,40XQUA1SSQ
User457,Skyline Corp,Software Engineer,C:\Users\crp13\Desktop\badgelogo.png,G1AN5D3809
User458,InnoSoft,Software Engineer,C:\Users\crp13\Desktop\badgelogo.png,2KSDDMAG8N
User459,InnoSoft,Project Manager,C:\Users\crp13\Desktop\badgelogo.png,ONKC9WMMHE
User460,InnoSoft,Data Analyst,C:\Users\crp13\Desktop\badgelogo.png,0P8FS7DWNP
User461,TechNova,HR Executive,C:\Users\crp13\Desktop\badgelogo.png,ZA0SIP3R6Z
User462,InnoSoft,Project Manager,C:\Users\crp13\Desktop\badgelogo.png,M9P8ZA4VMQ
User463,InnoSoft,Software Engineer,C:\Users\crp13\Desktop\badgelogo.png,CS6YTWW32Z
User464,Viral Collab,Data Analyst,C:\Users\crp13\Desktop\badgelogo.png,D94RG8FJS8
User465,TechNova,HR Executive,C:\Users\crp13\Desktop\badgelogo.png,K8VSYQWVHR
User466,NextGen Solutions,HR Executive,C:\Users\crp13\Desktop\badgelogo.png,HCEVQK1MF2
User467,NextGen Solutions,Data Analyst,C:\Users\crp13\Desktop\badgelogo.png,F1RLE41RON
User468,TechNova,Software Engineer,C:\Users\crp13\Desktop\badgelogo.png,0ODPKHW41V
User469,NextGen Solutions,HR Executive,C:\Users\crp13\Desktop\badgelogo.png,90I1LPDIAN
User470,NextGen Solutions,Project Manager,C:\Users\crp13\Desktop\badgelogo.png,1DPPS0RA0M
User471,NextGen Solutions,Data Analyst,C:\Users\crp13\Desktop\badgelogo.png,IH3BW2P14U
User472,Skyline Corp,Project Manager,C:\Users\crp13\Desktop\badgelogo.png,E6SV5PNMK5
User473,TechNova,Project Manager,C:\Users\crp13\Desktop\badgelogo.png,NSRVZZT7JN
User474,TechNova,Designer,C:\Users\crp13\Desktop\badgelogo.png,PH2EF5TWQ0
User475,Skyline Corp,Project Manager,C:\Users\crp13\Desktop\badgelogo.png,PB89VA68P8
User476,NextGen Solutions,Data Analyst,C:\Users\crp13\Desktop\badgelogo.png,RK592QD5RK
User477,Skyline Corp,HR Executive,C:\Users\crp13\Desktop\badgelogo.png,L67HRQYZZ7
User478,Viral Collab,Software Engineer,C:\Users\crp13\Desktop\badgelogo.png,7AUNT3WRP6
User479,Skyline Corp,Software Engineer,C:\Users\crp13\Desktop\badgelogo.png,AEP32UZCXN
User480,Viral Collab,Data Analyst,C:\Users\crp13\Desktop\badgelogo.png,XUCEU1GD9Y
User481,Viral Collab,Designer,C:\Users\crp13\Desktop\badgelogo.png,0CDP4MAP7Z
User482,InnoSoft,HR Executive,C:\Users\crp13\Desktop\badgelogo.png,4CCYZ9OYOG
User483,Viral Collab,Designer,C:\Users\crp13\Desktop\badgelogo.png,KZKSDC4IJ4
User484,InnoSoft,Data Analyst,C:\Users\crp13\Desktop\badgelogo.png,JLINRF6G5V
User485,TechNova,Project Manager,C:\Users\crp13\Desktop\badgelogo.png,ZFGO8U4LMC
User486,Viral Collab,HR Executive,C:\Users\crp13\Desktop\badgelogo.png,T02YQNU75J
User487,Viral Collab,HR Executive,C:\Users\crp13\Desktop\badgelogo.png,ETJL5LZS98
User488,TechNova,HR Executive,C:\Users\crp13\Desktop\badgelogo.png,XSTMMYNN1W
User489,Viral Collab,HR Executive,C:\Users\crp13\Desktop\badgelogo.png,TYUPID5HP7
User490,NextGen Solutions,Project Manager,C:\Users\crp13\Desktop\badgelogo.png,TA03MI8B17
User491,Skyline Corp,Data Analyst,C:\Users\crp13\Desktop\badgelogo.png,TLG6PX3E6L
User492,TechNova,HR Executive,C:\Users\crp13\Desktop\badgelogo.png,TQ3KABOH5L
User493,NextGen Solutions,Data Analyst,C:\Users\crp13\Desktop\badgelogo.png,5VAH1N8LN0
User494,TechNova,HR Executive,C:\Users\crp13\Desktop\badgelogo.png,4FDCEKRXFA
User495,Viral Collab,HR Executive,C:\Users\crp13\Desktop\badgelogo.png,XBQM7R5OH7
User496,Viral Collab,Data Analyst,C:\Users\crp13\Desktop\badgelogo.png,ZRSLMJUMOG
User497,Viral Collab,Designer,C:\Users\crp13\Desktop\badgelogo.png,P75IF1XFZG
User498,InnoSoft,Project Manager,C:\Users\crp13\Desktop\badgelogo.png,3ZHNP79Y24
User499,Skyline Corp,HR Executive,C:\Users\crp13\Desktop\badgelogo.png,6E4GCSCAA1
User500,NextGen Solutions,HR Executive,C:\Users\crp13\Desktop\badgelogo.png,P4TMYFH4ZV
